"warriors","3583"
"nbafinals2015","3188"
"rt","840"
"http","657"
"cavs","576"
"nbafinals","497"
"game","484"
"dubnation","403"
"go","369"
"nba","329"
"curry","313"
"warriorsvcavs","250"
"win","240"
"let","233"
"tonight","227"
"lebron","218"
"cavaliers","189"
"https","169"
"stephcurry","156"
"gsw","142"
"5","120"
"andre","111"
"series","111"
"cavswarriors","109"
"stephencurry30","109"
"finals","106"
"cleveland","105"
"strengthinnumbers","97"
"got","95"
"lets","95"
"like","94"
"lebronjames","93"
"one","89"
"4","85"
"golden","84"
"na","84"
"goldenstatewarriors","84"
"get","81"
"game5","78"
"time","76"
"de","74"
"iguodala","74"
"great","74"
"home","73"
"ca","69"
"team","68"
"good","68"
"game4","66"
"gt","66"
"state","66"
"steph","65"
"cavsnation","63"
"gon","61"
"amp","59"
"vs","59"
"tv","57"
"sapphirelv","57"
"3","57"
"back","57"
"la","57"
"mvp","56"
"come","54"
"points","53"
"dubs","53"
"going","51"
"fav","51"
"games","50"
"cle","49"
"tie","49"
"flashed","48"
"7","48"
"play","48"
"see","48"
"penis","48"
"lebronspenis","48"
"goldenstate","48"
"lead","48"
"watch","47"
"2","47"
"iggy","46"
"think","46"
"take","44"
"icecoldaj","43"
"getting","42"
"el","41"
"playing","41"
"best","40"
"way","40"
"lt","40"
"need","40"
"fans","40"
"yall","38"
"said","37"
"shot","37"
"watching","37"
"sportstaxman","36"
"right","35"
"1","35"
"alewismusic","35"
"que","35"
"kingjames","35"
"warriornation","34"
"love","34"
"behind","33"
"oakland","33"
"en","32"
"jackson","32"
"mark","32"
"6","32"
"ellonasantiago","32"
"want","31"
"delly","31"
"stephen","31"
"made","31"
"night","30"
"vegas","30"
"retweet","30"
"look","29"
"tied","29"
"rsvp","29"
"basketball","28"
"half","28"
"letsgowarriors","28"
"e40","27"
"far","27"
"court","27"
"last","27"
"baby","27"
"los","27"
"keep","26"
"gswvscavs","26"
"heard","26"
"james","26"
"day","26"
"2015nbafinals","25"
"dance","25"
"serie","25"
"igoudala","25"
"y","25"
"bruceblitz","25"
"would","24"
"vaughngotit","24"
"better","24"
"splash","24"
"fire","24"
"came","23"
"wait","23"
"nbaespn","23"
"warriorsground","23"
"22","23"
"big","23"
"dellavedova","23"
"refs","23"
"bad","22"
"imvisdalester","22"
"finally","22"
"man","22"
"start","22"
"stephencurry","22"
"boys","22"
"winning","22"
"bench","22"
"know","22"
"bs1","21"
"today","21"
"chefcurry","21"
"lol","21"
"nbajp","21"
"looks","21"
"congrats","21"
"well","21"
"lbj","20"
"da","20"
"player","20"
"yes","20"
"first","20"
"done","20"
"wowownba","20"
"chef","19"
"wins","19"
"green","19"
"shots","19"
"much","19"
"make","19"
"gana","19"
"splashbrothers","19"
"even","18"
"usher","18"
"kerr","18"
"evened","18"
"espn","18"
"damn","18"
"ready","18"
"nice","18"
"gs","18"
"tax","18"
"40","18"
"mozgov","17"
"game6","17"
"life","17"
"happy","17"
"playoffs","17"
"guys","17"
"quarter","17"
"looking","17"
"final","17"
"clevsgsw","17"
"god","16"
"hammer","16"
"game2","16"
"making","16"
"awesome","16"
"amazing","16"
"say","16"
"show","16"
"por","16"
"partido","16"
"nbaplayoffs","16"
"pts","16"
"juego","16"
"won","16"
"run","16"
"wit","16"
"hope","16"
"ball","16"
"allincle","15"
"excellent","15"
"matter","15"
"away","15"
"game3","15"
"aiausa","15"
"post","15"
"se","15"
"yeah","15"
"coming","15"
"season","15"
"lnpservices","15"
"small","15"
"always","15"
"hard","15"
"enough","15"
"barnes","15"
"bayarea","15"
"lo","15"
"4th","15"
"game1","15"
"top","14"
"tip","14"
"draymond","14"
"still","14"
"r","14"
"bron","14"
"u","14"
"gowarriors","14"
"20","14"
"including","14"
"forward","14"
"beat","14"
"lose","14"
"hair","14"
"new","13"
"mc","13"
"another","13"
"approximately","13"
"showed","13"
"played","13"
"es","13"
"ya","13"
"finish","13"
"oh","13"
"al","13"
"klaythompson","13"
"really","13"
"put","13"
"w","13"
"para","13"
"bogut","13"
"lee","13"
"bring","13"
"happens","13"
"100","12"
"work","12"
"office","12"
"metallica","12"
"old","12"
"sure","12"
"rileycurry","12"
"shit","12"
"boy","12"
"fuck","12"
"10","12"
"san","12"
"world","12"
"ta","12"
"vamos","12"
"next","12"
"could","12"
"david","12"
"point","12"
"must","11"
"give","11"
"end","11"
"cavsvswarriors","11"
"fin","11"
"blue","11"
"players","11"
"jose","11"
"call","11"
"gswarriors","11"
"1st","11"
"loving","11"
"hazelebaby","11"
"championship","11"
"starting","11"
"impact","11"
"wow","11"
"di","11"
"mchammer","11"
"us","11"
"30","11"
"andreiguodala","11"
"taking","11"
"minutes","11"
"year","11"
"never","10"
"dandibley","10"
"51","10"
"3of14","10"
"mi","10"
"cuarto","10"
"warriorsvscavs","10"
"may","10"
"midnight","10"
"nod","10"
"ok","10"
"talks","10"
"te","10"
"states","10"
"okay","10"
"members","10"
"believe","10"
"anthem","10"
"find","10"
"close","10"
"flyallogy","10"
"simply","10"
"rocking","10"
"pace","10"
"un","10"
"stephgonnasteph","10"
"mteuzi","10"
"winner","10"
"national","10"
"camino","10"
"panalo","10"
"roberthalf","10"
"tired","9"
"ever","9"
"thelma","9"
"already","9"
"explicación","9"
"hacer","9"
"kailangan","9"
"con","9"
"left","9"
"godubs","9"
"ang","9"
"manuod","9"
"rooting","9"
"real","9"
"around","9"
"energy","9"
"trying","9"
"two","9"
"del","9"
"help","9"
"ass","9"
"leading","9"
"double","9"
"hit","9"
"defense","9"
"please","9"
"probably","9"
"strategy","9"
"oraclearena","9"
"johnlundradio","9"
"info","9"
"control","9"
"looked","9"
"job","9"
"almost","9"
"104","8"
"preview","8"
"91","8"
"victory","8"
"mind","8"
"though","8"
"thanks","8"
"performance","8"
"cutaways","8"
"people","8"
"d","8"
"timofey","8"
"brothers","8"
"lineup","8"
"rhythm","8"
"guy","8"
"sports","8"
"crazy","8"
"thank","8"
"livingston","8"
"las","8"
"wants","8"
"early","8"
"exciting","8"
"stand","8"
"alright","8"
"sonysix","8"
"sitting","8"
"abc","8"
"v","8"
"needs","8"
"hell","8"
"feel","8"
"larrybeilabc7","8"
"hammerdonthurtem","8"
"steve","8"
"try","8"
"les","8"
"makes","8"
"stop","8"
"klay","8"
"2015","8"
"tempo","8"
"ganan","8"
"chrisfedor","8"
"showing","8"
"blowing","8"
"fefifredo","8"
"foul","7"
"every","7"
"cooking","7"
"told","7"
"hoy","7"
"little","7"
"free","7"
"regular","7"
"14","7"
"tho","7"
"head","7"
"welcome","7"
"bandwagon","7"
"dude","7"
"live","7"
"thompson","7"
"cav","7"
"offense","7"
"till","7"
"sunday","7"
"killed","7"
"tipoff","7"
"california","7"
"thing","7"
"anyone","7"
"11","7"
"hairline","7"
"photos","7"
"ricktittle","7"
"rest","7"
"critical","7"
"marlins","7"
"dirty","7"
"fan","7"
"strong","7"
"gettysport","7"
"bay","7"
"kirkgoldsberry","7"
"chart","7"
"slamonline","7"
"beanie","7"
"step","7"
"kflamer","7"
"called","7"
"amused","7"
"currymvp","7"
"gettin","7"
"37","7"
"gara","7"
"face","7"
"beast","7"
"offensive","7"
"smith","7"
"miami","7"
"godubnation","7"
"ha","7"
"shooting","7"
"overcomes","6"
"second","6"
"dman","6"
"total","6"
"turnovers","6"
"went","6"
"leekzaire","6"
"listen","6"
"brilliance","6"
"report","6"
"wtf","6"
"nbaindia","6"
"plans","6"
"50","6"
"deal","6"
"cavaliersvswarriors","6"
"trophy","6"
"o","6"
"hear","6"
"role","6"
"die","6"
"slow","6"
"working","6"
"seriously","6"
"open","6"
"proud","6"
"rowonebrand","6"
"jr","6"
"many","6"
"quiet","6"
"different","6"
"thinking","6"
"halftime","6"
"momentum","6"
"hey","6"
"gone","6"
"gswvscle","6"
"letgo","6"
"rebounds","6"
"rate","6"
"glad","6"
"since","6"
"terrible","6"
"espntemfinaisnba","6"
"pretty","6"
"vine","6"
"missing","6"
"match","6"
"ktvu","6"
"cut","6"
"fucking","6"
"income","6"
"youtube","6"
"giving","6"
"hands","6"
"bet","6"
"q3","6"
"local","6"
"ganar","6"
"ohio","6"
"thought","6"
"cbsmireya","6"
"three","6"
"odds","6"
"incredible","6"
"stay","6"
"n","5"
"tell","5"
"holy","5"
"97","5"
"shoot","5"
"turn","5"
"hot","5"
"bang","5"
"mean","5"
"took","5"
"talking","5"
"warriorsnation","5"
"lookin","5"
"cant","5"
"hang","5"
"hand","5"
"dollfacestylez","5"
"coach","5"
"leads","5"
"battle","5"
"row","5"
"ma","5"
"tuesday","5"
"downtown","5"
"rebounding","5"
"caño","5"
"brain","5"
"cold","5"
"gametime","5"
"morning","5"
"fast","5"
"tomorrow","5"
"noroestemx","5"
"title","5"
"dmansworld474","5"
"killing","5"
"highlights","5"
"combined","5"
"crawford","5"
"è","5"
"layup","5"
"shhh","5"
"money","5"
"kill","5"
"shangxgnzls","5"
"blowout","5"
"2nite","5"
"follow","5"
"dunk","5"
"des","5"
"21","5"
"might","5"
"clevelandcavaliers","5"
"everyone","5"
"missed","5"
"reason","5"
"beginning","5"
"guess","5"
"also","5"
"calling","5"
"triple","5"
"king","5"
"set","5"
"gsvscle","5"
"hitting","5"
"pa","5"
"9","5"
"poner","5"
"things","5"
"healthy","5"
"nohoesla","5"
"porschacoleman","5"
"question","5"
"long","5"
"pronostico","5"
"noche","5"
"e","5"
"teams","5"
"depth","5"
"dlee042","5"
"dubsnation","5"
"joey","5"
"stephcurrywiththeshotboi","5"
"thats","5"
"something","5"
"directo","5"
"winners","5"
"barbosa","5"
"talk","5"
"meliiiicheerx3","5"
"hahaha","5"
"gets","5"
"kick","5"
"garbage","5"
"chance","5"
"sleep","4"
"ridiculous","4"
"sorry","4"
"bringing","4"
"school","4"
"heading","4"
"9pm","4"
"103","4"
"3fgs","4"
"hold","4"
"digest","4"
"wanted","4"
"están","4"
"está","4"
"needed","4"
"quinto","4"
"rockin","4"
"feeling","4"
"osirisrenuncia","4"
"strength","4"
"crowd","4"
"saying","4"
"teamcurry","4"
"du","4"
"bag","4"
"bam","4"
"news","4"
"ahora","4"
"2nd","4"
"más","4"
"riley","4"
"catch","4"
"haters","4"
"belle","4"
"yea","4"
"veronicadlcruz","4"
"human","4"
"spread","4"
"easy","4"
"dear","4"
"beating","4"
"goalz","4"
"losing","4"
"espnnba","4"
"plus","4"
"fought","4"
"true","4"
"happen","4"
"empata","4"
"letsgo","4"
"sfgiants","4"
"goes","4"
"change","4"
"lakers","4"
"stancesocks","4"
"visitoakland","4"
"roaracle","4"
"birthday","4"
"q","4"
"si","4"
"years","4"
"leggo","4"
"celebrate","4"
"non","4"
"drop","4"
"et","4"
"fight","4"
"saw","4"
"paid","4"
"champs","4"
"key","4"
"jroofoh","4"
"je","4"
"dalimarr","4"
"tercer","4"
"triunfo","4"
"assist","4"
"ilovethisgame","4"
"73","4"
"clap","4"
"ante","4"
"gameofthrones","4"
"business","4"
"throw","4"
"favorite","4"
"calls","4"
"victoire","4"
"fall","4"
"full","4"
"sfgate","4"
"arena","4"
"ahead","4"
"via","4"
"takes","4"
"patottas","4"
"ast","4"
"cheering","4"
"miss","4"
"guarding","4"
"lie","4"
"area","4"
"8","4"
"markjackson","4"
"rebs","4"
"whole","4"
"likes","4"
"raw","4"
"analysis","4"
"letting","4"
"onemorewin","4"
"arriba","4"
"rebound","4"
"lovin","4"
"bis","4"
"bounce","4"
"per","4"
"fouls","4"
"libbyschaaf","4"
"doubt","4"
"line","4"
"urgency","4"
"gane","4"
"outside","4"
"smaller","4"
"matthewdelly","4"
"plays","4"
"waiting","4"
"singing","4"
"f","4"
"wearing","4"
"shaunlivingston","4"
"perfect","4"
"82","4"
"85","4"
"harrisonbarnes","4"
"shut","4"
"swear","4"
"arm","4"
"fact","4"
"terminar","4"
"score","4"
"b","4"
"gran","4"
"blatt","4"
"favor","4"
"closed","4"
"jersey","4"
"laugh","4"
"stevekerr","4"
"five","4"
"yattachambers","4"
"twitter","4"
"secret","4"
"biggest","4"
"wish","4"
"lebrons","4"
"fthecavs","4"
"anuaryeme","3"
"dubfaith","3"
"mes","3"
"hoping","3"
"music","3"
"neftaliruiz","3"
"type","3"
"haha","3"
"song","3"
"machine","3"
"answer","3"
"lay","3"
"break","3"
"l","3"
"goo","3"
"driving","3"
"smh","3"
"670thescore","3"
"starts","3"
"für","3"
"powers","3"
"este","3"
"esta","3"
"seen","3"
"seem","3"
"flop","3"
"entertaining","3"
"covering","3"
"bae","3"
"hopefully","3"
"omg","3"
"wear","3"
"warriorsssssss","3"
"6amlamanana","3"
"popopo","3"
"seven","3"
"im","3"
"il","3"
"credit","3"
"thoughts","3"
"photo","3"
"towards","3"
"contributing","3"
"muito","3"
"defensive","3"
"wgachii","3"
"parade","3"
"support","3"
"heat","3"
"957thegame","3"
"harrison","3"
"shooter","3"
"prayer","3"
"check","3"
"happening","3"
"together","3"
"efficienti","3"
"whoever","3"
"everything","3"
"jerk","3"
"trouble","3"
"leave","3"
"chicken","3"
"everybody","3"
"isaacabid","3"
"detalla","3"
"effort","3"
"heart","3"
"counting","3"
"viendo","3"
"fútbol","3"
"dubson7","3"
"4to","3"
"sembrerebbe","3"
"basket","3"
"interesting","3"
"em","3"
"3rd","3"
"transition","3"
"thefinals","3"
"tragic","3"
"13","3"
"lmao","3"
"csnauthentic","3"
"sport","3"
"omfg","3"
"money23green","3"
"247miami","3"
"worried","3"
"superstar","3"
"nationalanthem","3"
"awkward","3"
"comes","3"
"pot","3"
"marlinsman","3"
"west","3"
"wake","3"
"sound","3"
"6thman","3"
"empatada","3"
"inc","3"
"dellavadova","3"
"running","3"
"without","3"
"vamo","3"
"seems","3"
"lady","3"
"10asts","3"
"67","3"
"respect","3"
"hoje","3"
"jimmykimmellive","3"
"act","3"
"blessed","3"
"talkhoops","3"
"leaning","3"
"jessicagoehner","3"
"pull","3"
"sportsphotos","3"
"af","3"
"exhausted","3"
"deep","3"
"pierden","3"
"tl","3"
"case","3"
"thecity","3"
"focus","3"
"awful","3"
"difference","3"
"yasssss","3"
"clock","3"
"à","3"
"quickenloansarena","3"
"flat","3"
"none","3"
"beautiful","3"
"numbers","3"
"huge","3"
"advantage","3"
"dream","3"
"actually","3"
"someone","3"
"found","3"
"house","3"
"todo","3"
"expecting","3"
"markjackson13","3"
"dont","3"
"least","3"
"paint","3"
"warriorscavs","3"
"part","3"
"kind","3"
"supposed","3"
"reach","3"
"3s","3"
"feels","3"
"x","3"
"ser","3"
"allin","3"
"andrewbogut","3"
"tristan","3"
"league","3"
"dudes","3"
"due","3"
"woke","3"
"else","3"
"solid","3"
"fun","3"
"shirt","3"
"plugs","3"
"entre","3"
"nbafinal","3"
"crying","3"
"o194","3"
"freepicks","3"
"alvaronbamartin","3"
"article","3"
"seeing","3"
"pero","3"
"chrisish71","3"
"scared","3"
"checkout","3"
"nah","3"
"excuses","3"
"meals","3"
"age","3"
"oracle","3"
"crossover","3"
"telling","3"
"leveled","3"
"michael","3"
"chant","3"
"voy","3"
"confidence","3"
"started","3"
"ride","3"
"drops","3"
"mbeavenabj","3"
"pulling","3"
"ties","3"
"gundy","3"
"abnerfundi","3"
"front","3"
"mode","3"
"buena","3"
"hilarious","3"
"reb","3"
"ref","3"
"van","3"
"bleed","3"
"g","3"
"remember","3"
"beastmode","3"
"onemore","3"
"able","3"
"yusraaj10","3"
"unbelievable","3"
"twice","3"
"yassss","3"
"j","3"
"qtr","3"
"intensity","3"
"closer","3"
"stats","3"
"ends","3"
"hits","3"
"gooooo","3"
"ai","3"
"thus","3"
"una","3"
"tiempo","3"
"das","3"
"news10","3"
"tcd","3"
"announcers","3"
"press","3"
"nigga","3"
"literally","3"
"sighting","3"
"keeps","3"
"playoff","3"
"bueno","3"
"kidding","3"
"hi","3"
"count","3"
"wise","3"
"excitement","3"
"record","3"
"pumped","3"
"trailing","3"
"star","3"
"assassin","3"
"wardell30","3"
"cleavland","3"
"todays","2"
"four","2"
"tweet","2"
"ejwarfel","2"
"coaching","2"
"pride","2"
"digit","2"
"lack","2"
"deli","2"
"rise","2"
"skills","2"
"fällt","2"
"miller","2"
"fabulous","2"
"zur","2"
"near","2"
"sobre","2"
"hero","2"
"gear","2"
"día","2"
"coachcmorales","2"
"k","2"
"aka","2"
"sundayfunday","2"
"highly","2"
"bro","2"
"thursday","2"
"suit","2"
"unfortunately","2"
"posting","2"
"relax","2"
"hurt","2"
"championships","2"
"defeated","2"
"room","2"
"mo","2"
"mj","2"
"root","2"
"nuts","2"
"chile2015","2"
"estrategia","2"
"motthavenbar","2"
"analyzedsports","2"
"omitsky","2"
"simonedatruth","2"
"yougotjokes","2"
"coolest","2"
"creo","2"
"rocktrackfan","2"
"safe","2"
"5thquarter","2"
"schools","2"
"filling","2"
"timeout","2"
"kneels","2"
"logo","2"
"djknickknack","2"
"allday","2"
"ring","2"
"cameras","2"
"crucial","2"
"content","2"
"midiariopanama","2"
"acelerado","2"
"days","2"
"ups","2"
"steelrailcafe","2"
"segundo","2"
"jljmath","2"
"kjexperience","2"
"currryyyyyyyyyyyyyy","2"
"silly","2"
"beginn","2"
"balling","2"
"kidcuni","2"
"nobody","2"
"stanleycupfinal","2"
"toosunderhigh","2"
"daddifraggle","2"
"hanno","2"
"juegos","2"
"reserve","2"
"bomb","2"
"menu","2"
"folks","2"
"warriorsvscavaliers","2"
"nasty","2"
"runs","2"
"favors","2"
"wise2015","2"
"automatic","2"
"goodnight","2"
"shaved","2"
"yet","2"
"game7","2"
"wo","2"
"une","2"
"faces","2"
"bandainamcous","2"
"betting","2"
"puts","2"
"beer","2"
"expected","2"
"nowwatching","2"
"fuego","2"
"excite","2"
"basketballvines","2"
"rkocity","2"
"sportscenter","2"
"air","2"
"slam","2"
"voice","2"
"della","2"
"couple","2"
"rain","2"
"action","2"
"overr","2"
"kid","2"
"juantmartinez","2"
"greatest","2"
"yeh","2"
"nbaphilosopher","2"
"breaks","2"
"3pt","2"
"feelings","2"
"dreams","2"
"remind","2"
"matchup","2"
"multiple","2"
"chelemolina","2"
"flopping","2"
"umm","2"
"super","2"
"anime","2"
"37pts","2"
"kyrieirving","2"
"wrap","2"
"mvps","2"
"wan","2"
"cali","2"
"caaptain","2"
"greatness","2"
"nbamvp","2"
"martes","2"
"stephenasmith","2"
"inside","2"
"ahí","2"
"ship","2"
"floor","2"
"setting","2"
"realize","2"
"98","2"
"cavsinsix","2"
"serious","2"
"neighbors","2"
"sloppy","2"
"cook","2"
"cool","2"
"dig","2"
"gun","2"
"prediction","2"
"eating","2"
"winwinwin","2"
"explosion","2"
"marchochman","2"
"hoops","2"
"boi","2"
"exams","2"
"boo","2"
"threes","2"
"distancing","2"
"jam","2"
"australian","2"
"liewitnessnews","2"
"vous","2"
"club","2"
"beatthecavs","2"
"flu","2"
"nilacoco","2"
"means","2"
"c0achj0","2"
"nbaonabc","2"
"fourth","2"
"blackdavid","2"
"staying","2"
"mad","2"
"mayweather","2"
"goal","2"
"st","2"
"sf","2"
"food","2"
"group","2"
"jordanchoate1","2"
"stephenamell","2"
"tweets","2"
"tucker","2"
"zullyrodriguezm","2"
"name","2"
"rock","2"
"girl","2"
"sportsbetting","2"
"living","2"
"lemooose","2"
"monster","2"
"quite","2"
"bumps","2"
"success","2"
"headband","2"
"care","2"
"swing","2"
"chinamikaela01","2"
"white","2"
"orright","2"
"bruh","2"
"broadcast","2"
"第1クォーター終了","2"
"gim","2"
"12","2"
"15","2"
"17","2"
"booted","2"
"pro","2"
"seal","2"
"moneyinthebank","2"
"online","2"
"wonder","2"
"deemoneyxxx","2"
"track","2"
"knew","2"
"bigoshow","2"
"especially","2"
"lawd","2"
"walking","2"
"artigatv","2"
"takin","2"
"woot","2"
"former","2"
"soon","2"
"xenoverse","2"
"stupid","2"
"estamos","2"
"served","2"
"estas","2"
"dome","2"
"reaction","2"
"gws","2"
"waaarrrrriooorrrrssssss","2"
"justmike77","2"
"learning","2"
"gameover","2"
"blessing","2"
"dangerous","2"
"jugadores","2"
"stacked","2"
"buen","2"
"jackofalltweetz","2"
"conferences","2"
"anygivensunday","2"
"stancehoops","2"
"bros","2"
"contract","2"
"damos","2"
"media","2"
"murked","2"
"adjustments","2"
"touch","2"
"reality","2"
"injuries","2"
"death","2"
"damonwilliam","2"
"grit","2"
"sportsmanship","2"
"washtimessports","2"
"asimanca","2"
"piece","2"
"nbaextra","2"
"mood","2"
"football","2"
"asap","2"
"resurrection","2"
"og","2"
"luck","2"
"road","2"
"jus","2"
"ended","2"
"therealpoplife","2"
"bragging","2"
"coverage","2"
"chris","2"
"building","2"
"finished","2"
"ots","2"
"ty","2"
"tu","2"
"nbaxespn","2"
"fat","2"
"weparty","2"
"muestratuscolores","2"
"grabs","2"
"nbc","2"
"sum","2"
"fingerscrossed","2"
"dubcity","2"
"owns","2"
"tracks","2"
"billherenda","2"
"aurasoundz","2"
"pick","2"
"ask","2"
"chunky","2"
"buenas","2"
"coachsdaughters","2"
"injury","2"
"chrisvisi0ns","2"
"excuse","2"
"veo","2"
"1025radio","2"
"dem","2"
"dellabendova","2"
"iniciar","2"
"sense","2"
"anota","2"
"breaking","2"
"goat","2"
"ats","2"
"buffy619","2"
"tried","2"
"fb","2"
"blood","2"
"short","2"
"第2クォーター終了","2"
"currynation","2"
"tweeting","2"
"daggers","2"
"anillo","2"
"turnover","2"
"sooo","2"
"mission","2"
"nervöser","2"
"style","2"
"23","2"
"pray","2"
"late","2"
"pene","2"
"minute","2"
"bout","2"
"gooo","2"
"reigning","2"
"everytime","2"
"level","2"
"2h","2"
"mental","2"
"rileyreacts","2"
"idea","2"
"tonite","2"
"expect","2"
"kevinlove","2"
"ftw","2"
"tailgating","2"
"story","2"
"imagine","2"
"teach","2"
"throws","2"
"playofffinal","2"
"killin","2"
"5to","2"
"storm","2"
"store","2"
"selling","2"
"traveling","2"
"philly","2"
"ventaja","2"
"clutch","2"
"lil","2"
"cava","2"
"react","2"
"plan","2"
"nothing","2"
"gold","2"
"hyped","2"
"writes","2"
"idiots","2"
"loveit","2"
"porque","2"
"catches","2"
"nohoverboard","2"
"supporting","2"
"onfire","2"
"rothventures","2"
"unstoppable","2"
"remaining","2"
"c","2"
"alot","2"
"guts","2"
"sweet","2"
"blog","2"
"pt","2"
"territory","2"
"champion","2"
"regroup","2"
"gas","2"
"slideshow","2"
"presser","2"
"straight","2"
"wiseone","2"
"rid","2"
"funny","2"
"higher","2"
"moment","2"
"ud40picks","2"
"anybody","2"
"obviously","2"
"cheer","2"
"quarters","2"
"cocky","2"
"fundme","2"
"el14xabi","2"
"cuz","2"
"letsgowarriorslive","2"
"ijs","2"
"mirror","2"
"warriorsin6","2"
"epic","2"
"survive","2"
"remembered","2"
"use","2"
"assists","2"
"stevevillano11","2"
"intense","2"
"ballgame","2"
"emocionante","2"
"idc","2"
"blouses","2"
"dauert","2"
"curryvsjames","2"
"noahbenjamin","2"
"mrspculv","2"
"planet","2"
"wicked","2"
"similar","2"
"uber","2"
"listening","2"
"staceyeturner","2"
"definitely","2"
"sided","2"
"ago","2"
"underrated","2"
"send","2"
"g5","2"
"assuming","2"
"balls","2"
"putting","2"
"parentals","2"
"magic","2"
"第3クォーター終了","2"
"video","2"
"picked","2"
"unreal","2"
"leg","2"
"settling","2"
"talent","2"
"named","2"
"dedicated","2"
"baskets","2"
"tap","2"
"camera","2"
"lock","2"
"twitterdata","2"
"vuelta","2"
"gladly","2"
"pour","2"
"meet","2"
"kenny","2"
"instead","2"
"andreigoudala9","2"
"carlswifeynmama","2"
"grabbed","2"
"light","2"
"primera","2"
"honestly","2"
"move","2"
"enseña","2"
"splashbros","2"
"draft2015","2"
"deronsnyder","2"
"tst","2"
"bye","2"
"realtristan13","2"
"bihhhhh","2"
"ejerezespn","2"
"gassed","2"
"guard","2"
"mas","2"
"80","2"
"matt","2"
"entertainment","2"
"adjustment","2"
"steinmetznba","2"
"cdn37","2"
"jesus","2"
"wrapped","2"
"stars","2"
"exactly","2"
"innovate","2"
"pointers","2"
"igotjokes","2"
"apparently","2"
"tiedup","2"
"future","2"
"class","2"
"son","2"
"chances","2"
"dbz","2"
"lockin","2"
"goosebumps","2"
"sehr","2"
"frustrated","2"
"vrs","2"
"kicking","2"
"finales","2"
"figured","2"
"career","2"
"dublove","2"
"toolegittooquit","2"
"jugando","2"
"quit","2"
"yay","2"
"powered","2"
"important","2"
"chrispetersen90","2"
"nbatv","2"
"amo","2"
"party","2"
"congratulations","2"
"coached","2"
"clevgs","2"
"col","2"
"uno","2"
"41pts","2"
"simple","2"
"destroy","2"
"crushed","2"
"insert","2"
"works","2"
"soft","2"
"gm4","2"
"jimmykimmel","2"
"flagrant","2"
"campeones","2"
"cableondasports","2"
"screwed","2"
"desde","2"
"lunapsychicdog","2"
"2ndq","2"
"says","2"
"ayeshacurry","2"
"boards","2"
"shipping","2"
"gocavs","2"
"heroics","2"
"suited","2"
"lovethislife","2"
"outsidernba","2"
"jaihir","2"
"buy","2"
"whoa","2"
"ruling","2"
"problem","2"
"worldseries","2"
"cmon","2"
"mejor","2"
"ahre","2"
"commentators","2"
"book","2"
"miermike","2"
"colinresch","2"
"ese","2"
"hng","2"
"kunyarifan","1"
"meritatamente","1"
"youareyooslow","1"
"justsayin","1"
"lebum","1"
"déjà","1"
"hating","1"
"veux","1"
"lilbthebasedgod","1"
"consider","1"
"whose","1"
"buddy","1"
"izlenmezmi","1"
"otra","1"
"sanantonio","1"
"coucou","1"
"yaaaasss","1"
"apaleada","1"
"lord","1"
"rescue","1"
"dell","1"
"manic","1"
"reena587","1"
"vois","1"
"paparoach","1"
"yikes","1"
"tampabaylightning","1"
"solution","1"
"gocougs","1"
"enjoy","1"
"adchappell","1"
"force","1"
"scrapey","1"
"deportivo","1"
"multitasking","1"
"westcoast","1"
"quito","1"
"luniz","1"
"madebygames","1"
"nef","1"
"janessasanchezz","1"
"saludos","1"
"absolute","1"
"fugg","1"
"swimguru","1"
"net","1"
"mamas","1"
"overin5","1"
"ballislife","1"
"smokin","1"
"humility","1"
"active","1"
"101","1"
"107","1"
"105","1"
"vtime","1"
"fsalazarboxing","1"
"settles","1"
"oasis","1"
"onehitwonder","1"
"ignoring","1"
"stressed","1"
"miamibeach","1"
"advantages","1"
"curry30","1"
"changes","1"
"fell","1"
"wassup","1"
"hablan","1"
"wheresriley","1"
"cbssports","1"
"pakpak","1"
"wooooo","1"
"keepitreal","1"
"unit","1"
"dnd","1"
"quasi","1"
"trademarking","1"
"vinst","1"
"chooses","1"
"sarap","1"
"btwradioshow","1"
"breathe","1"
"notin","1"
"gashes","1"
"99","1"
"glass","1"
"loose","1"
"90","1"
"残り3分くらい","1"
"95","1"
"stephhhhhhh","1"
"mf","1"
"word","1"
"servida","1"
"ml","1"
"bogaut","1"
"sfwarriornation","1"
"worn","1"
"mt","1"
"courtside","1"
"empieze","1"
"caroleyoung69","1"
"cartas","1"
"gegen","1"
"india","1"
"brony","1"
"goooo","1"
"serata","1"
"honey","1"
"homie","1"
"spooney35","1"
"pinta","1"
"debout","1"
"battlebots","1"
"guarantee","1"
"hoo","1"
"yaaaas","1"
"terminarán","1"
"getsome","1"
"disappoint","1"
"machando","1"
"ovr","1"
"aches","1"
"sarahmcarrasco","1"
"earlier","1"
"baaaaabyy","1"
"jumping","1"
"mesa","1"
"law","1"
"unselfish","1"
"40min","1"
"purchase","1"
"lebronsleaking","1"
"attempt","1"
"lrys","1"
"third","1"
"firdaushafiz94","1"
"hodgetwins","1"
"maintain","1"
"enter","1"
"worst","1"
"order","1"
"warready","1"
"jbrazell1","1"
"wuz","1"
"flumemusic","1"
"hubiese","1"
"ispart","1"
"mayor","1"
"ormai","1"
"scoring","1"
"byebyelebron","1"
"dellyisdirty","1"
"expectations","1"
"imo","1"
"crew","1"
"overcome","1"
"mypick","1"
"coffee","1"
"instantclassic","1"
"downs","1"
"up1game","1"
"leggermente","1"
"teamflatout","1"
"baannnnggg","1"
"bread","1"
"suicide","1"
"canihavethisdance","1"
"fireeeee","1"
"avantage","1"
"rocks","1"
"sido","1"
"enamorado","1"
"side","1"
"chefgonnasteph","1"
"miaokc","1"
"incógnitos","1"
"dylantheman37","1"
"yeeeaaaahhhh","1"
"celebrating","1"
"карри","1"
"plaaaaaaaay","1"
"reminding","1"
"jump","1"
"dugoutmiami","1"
"xxxchibas","1"
"tingling","1"
"asleep","1"
"grease","1"
"homework","1"
"assured","1"
"fave","1"
"overreaction","1"
"jetzt","1"
"weniger","1"
"d1lockermedia","1"
"fuckthecavs","1"
"atl","1"
"andas","1"
"ukoliko","1"
"whatta","1"
"signature","1"
"dellyflop","1"
"loud","1"
"goteeeem","1"
"nodistractions","1"
"muralla","1"
"grade","1"
"nhl","1"
"hoop","1"
"esté","1"
"sixers","1"
"withadaflickadawrist","1"
"pasa","1"
"service","1"
"vitoria","1"
"mrtipton33","1"
"leggendario","1"
"ambie328","1"
"solamente","1"
"30curry","1"
"bhockyo","1"
"percentage","1"
"legs","1"
"dominano","1"
"gooooooooo","1"
"yessssssssssss","1"
"njggas","1"
"predictable","1"
"193","1"
"1h","1"
"wasted","1"
"hbarnes","1"
"davidblatt","1"
"ca2015","1"
"anxiety","1"
"yayareaindahouse","1"
"campo","1"
"zero","1"
"shower","1"
"madaog","1"
"tres","1"
"tht","1"
"hammertime","1"
"runner","1"
"danmm","1"
"spent","1"
"giogonewild","1"
"mamatheregoesthatman","1"
"3puntos","1"
"person","1"
"latter","1"
"brandon","1"
"chest","1"
"knowss","1"
"laughed","1"
"bst","1"
"outscoring","1"
"victoria","1"
"mtbdukes","1"
"letter","1"
"jumpin","1"
"ceux","1"
"jrsmith","1"
"inexcusable","1"
"sub","1"
"nikkivspaige","1"
"metal","1"
"dog","1"
"ethnographygirl","1"
"competitors","1"
"aunt","1"
"assez","1"
"responded","1"
"leagues","1"
"random","1"
"asia1nep","1"
"cake","1"
"radio","1"
"earth","1"
"toast","1"
"och","1"
"execution","1"
"yaaasss","1"
"lights","1"
"weekends","1"
"cripple","1"
"joeycrawfords","1"
"gregmerson","1"
"gods","1"
"hardball","1"
"yahya","1"
"anathleteworld","1"
"thatwasnasty","1"
"blueandgold","1"
"dj","1"
"från","1"
"df","1"
"unassisted","1"
"gogo","1"
"shutting","1"
"realturogarcia","1"
"ds","1"
"teamlebron","1"
"alantonelson","1"
"sosweetmaya","1"
"amoooorr","1"
"spartanswill","1"
"thistownishoppin","1"
"disco","1"
"greene","1"
"release","1"
"bother","1"
"ghoul","1"
"respond","1"
"frfr","1"
"fascinating","1"
"crafts","1"
"joder","1"
"presiento","1"
"analytics","1"
"decided","1"
"needyourhelp","1"
"nabilalnoor","1"
"whoslebron","1"
"realskipbayless","1"
"eres","1"
"iş","1"
"madamgogetta","1"
"clevelandisallout","1"
"blamegrandz","1"
"deepeastoakland","1"
"sorts","1"
"repost","1"
"4ast","1"
"warrior","1"
"lazy","1"
"naplesbites","1"
"7reb","1"
"boss","1"
"vernon","1"
"wth","1"
"picking","1"
"times","1"
"currytheman","1"
"kitchen","1"
"patented","1"
"cos","1"
"playera","1"
"automaric","1"
"fault","1"
"cup","1"
"heating","1"
"ederevents","1"
"com","1"
"asked","1"
"habían","1"
"tough","1"
"labronjames","1"
"demain","1"
"gathering","1"
"markpalmerusa","1"
"hometownlove","1"
"diff","1"
"speak","1"
"travaliers","1"
"qtrs","1"
"tago","1"
"basis","1"
"patch","1"
"gtfoh","1"
"correction","1"
"deeper","1"
"playaaaayed","1"
"gli","1"
"irving","1"
"lift","1"
"elmarcadortv","1"
"stylemom","1"
"gracias","1"
"tank","1"
"hat","1"
"censors","1"
"callejagrace","1"
"favouring","1"
"surprised","1"
"delli","1"
"también","1"
"changed","1"
"worldcup","1"
"cersei","1"
"hillfarmstead","1"
"whn","1"
"ibelieve","1"
"chawk1003","1"
"seattle","1"
"id","1"
"beaman","1"
"plated","1"
"heatherelwell","1"
"hahah","1"
"diferencia","1"
"arranandersen","1"
"с","1"
"updated","1"
"joeashkar","1"
"gerardoboscan","1"
"kin","1"
"opportunity","1"
"butter","1"
"letiggystartgame5","1"
"scenario","1"
"thx","1"
"malzbroy","1"
"dre","1"
"redeem","1"
"ocean","1"
"maximo","1"
"ripdustyrhodes","1"
"mamma","1"
"curryxxthompson","1"
"nachos","1"
"hacen","1"
"kog","1"
"booyah","1"
"urshurbaby","1"
"curryone","1"
"yey","1"
"dempros","1"
"32","1"
"rushing","1"
"jumpers","1"
"letsgodubs","1"
"shiit","1"
"unable","1"
"shump","1"
"splashbro","1"
"hay","1"
"shout","1"
"board","1"
"east","1"
"lutherkent","1"
"payı","1"
"possible","1"
"tmrw","1"
"naranjojuliana","1"
"insidehoops","1"
"judge","1"
"mis","1"
"apart","1"
"sliced","1"
"58","1"
"55","1"
"54","1"
"gifted","1"
"tebow","1"
"broadcaster","1"
"westcoastlove","1"
"marinating","1"
"ole","1"
"orlando","1"
"crown","1"
"handing","1"
"lexijavornik","1"
"wwe","1"
"born","1"
"finna","1"
"buenísimo","1"
"manos","1"
"fox","1"
"ice","1"
"bra","1"
"steps","1"
"snapchatter","1"
"jugador","1"
"donna","1"
"encima","1"
"hse","1"
"delladenova","1"
"predicting","1"
"plz","1"
"lawdness","1"
"officiating","1"
"soaking","1"
"choke","1"
"niiiiiceeeee","1"
"dinner","1"
"macstephcurry","1"
"commit","1"
"nerve","1"
"uberrjc","1"
"faint","1"
"ppg","1"
"hungrier","1"
"presence","1"
"hadlok","1"
"selfie","1"
"jaaaaaammmmm","1"
"soo","1"
"puke","1"
"nbaonespnradio","1"
"albertneve","1"
"kwlo","1"
"rápido","1"
"tem","1"
"weathered","1"
"amazingly","1"
"flying","1"
"lightin","1"
"gif","1"
"bigdre1909","1"
"fria","1"
"kalinwhite","1"
"monsternumbers","1"
"titlebound","1"
"form","1"
"batman","1"
"becoming","1"
"gorgeous","1"
"somehow","1"
"très","1"
"andreiguadala","1"
"idgaf","1"
"contactsport","1"
"swjurgens","1"
"muchappreciated","1"
"قيم","1"
"明日のnbaファイナル第5戦は前より1時間早い朝9時からか","1"
"humbled","1"
"undefeated","1"
"considered","1"
"idol","1"
"torturing","1"
"pesos","1"
"scream","1"
"palm","1"
"daddy","1"
"actuallynph","1"
"staplescenter","1"
"covers","1"
"proves","1"
"fatherhood","1"
"radically","1"
"ne","1"
"topped","1"
"ng","1"
"tin","1"
"whew","1"
"holding","1"
"brings","1"
"np","1"
"roll","1"
"finalsmvp","1"
"turnup","1"
"convincing","1"
"merecimiento","1"
"philippineindependenceday","1"
"juegazo","1"
"scorer","1"
"joeycrawford","1"
"snooze","1"
"weekend","1"
"jones","1"
"shootout","1"
"domingo","1"
"yoroyrobin","1"
"continues","1"
"lot","1"
"push","1"
"decision","1"
"puso","1"
"my2cent","1"
"hora","1"
"dejando","1"
"ouch","1"
"avalanche","1"
"oak","1"
"marion","1"
"skin","1"
"musiik","1"
"dmm0822","1"
"termina","1"
"torna","1"
"vez","1"
"celticpride","1"
"answered","1"
"asking","1"
"empatar","1"
"ven","1"
"gobacktooz","1"
"96","1"
"realmartymar","1"
"chrismatyszczyk","1"
"gsvcle","1"
"1stq","1"
"doyoubleed","1"
"hardwork","1"
"ganador","1"
"fatigued","1"
"missedfreeshots","1"
"thingsthatannoyme","1"
"biceps","1"
"clouds","1"
"impressive","1"
"26thfloor","1"
"turnt","1"
"superstardom","1"
"atlhawks","1"
"babyface","1"
"talked","1"
"stevebrosswag","1"
"trend","1"
"compliqué","1"
"gelecek","1"
"comienze","1"
"steppin","1"
"getsomeaustralian","1"
"curse","1"
"venga","1"
"wnergy","1"
"tristanthompson","1"
"cruciale","1"
"quedan","1"
"current","1"
"hungry","1"
"passo","1"
"boost","1"
"svih","1"
"drafted","1"
"trampoline","1"
"learn","1"
"bi","1"
"bryangarlitz","1"
"yards","1"
"yyyyeeeeeaaaaa","1"
"roaring","1"
"7eleven","1"
"isoplays","1"
"knicks","1"
"bow","1"
"molto","1"
"usually","1"
"weird","1"
"massage","1"
"ipa","1"
"finishes","1"
"extra","1"
"webelieve","1"
"charlesbarkiey","1"
"prefer","1"
"enorme","1"
"verge","1"
"iwonderwhy","1"
"jshnae","1"
"perf","1"
"baes","1"
"qué","1"
"bigs","1"
"insider","1"
"sixersnation","1"
"thru","1"
"suckas","1"
"oooooooh","1"
"pancit","1"
"dlee","1"
"sandracanales","1"
"oddsmakers","1"
"thehoopsguru","1"
"yelling","1"
"fly","1"
"graphic","1"
"batte","1"
"car","1"
"netflix","1"
"dubsvscavs","1"
"labeled","1"
"9th","1"
"juego2","1"
"jetsfanisland","1"
"and1","1"
"biter","1"
"chelodelgadok","1"
"figure","1"
"bubble","1"
"predict","1"
"javiervaz10","1"
"kpiff12","1"
"disfrutando","1"
"stole","1"
"hicieron","1"
"warriorssssss","1"
"skates","1"
"nyc","1"
"puri","1"
"gottabelieve","1"
"mat","1"
"bawi","1"
"spot","1"
"tbt","1"
"horroroso","1"
"mac","1"
"suck","1"
"thefiresidelounge","1"
"grow","1"
"repeat","1"
"crapbrothers","1"
"зажимают","1"
"neck","1"
"johnson","1"
"whenever","1"
"maybe","1"
"avant","1"
"su","1"
"shanyell06","1"
"rebeldemarjory","1"
"pulled","1"
"cute","1"
"shoes","1"
"duke","1"
"indeed","1"
"shaky","1"
"lyric","1"
"squadra","1"
"statements","1"
"blooded","1"
"jock","1"
"nyctocincy","1"
"hoho","1"
"jctalker","1"
"espndeportesla","1"
"happened","1"
"downsizing","1"
"lonely","1"
"quierellorar","1"
"killer","1"
"campeón","1"
"andreigoudala","1"
"feelin","1"
"interview","1"
"course","1"
"bath","1"
"nos","1"
"shouted","1"
"hesonfire","1"
"comeout","1"
"careless","1"
"neutered","1"
"eh","1"
"busts","1"
"thewdizzle","1"
"crushing","1"
"ft","1"
"levantaymusic","1"
"taxes","1"
"kashia209","1"
"lesson","1"
"canada","1"
"boooommm","1"
"space","1"
"profit","1"
"cheffcurry","1"
"fu","1"
"poco","1"
"ganas","1"
"dominate","1"
"thursdaytacos","1"
"shows","1"
"smfh","1"
"fisico","1"
"uptempo","1"
"igduodala","1"
"pumping","1"
"plaaaaaaaaay","1"
"thefanzone404","1"
"gofundme","1"
"beeradvocate","1"
"slamdunk","1"
"flare","1"
"honest","1"
"tirandoafallar","1"
"510","1"
"miaflash3o5","1"
"cavswarriorsa","1"
"shellyfnrenee","1"
"carry","1"
"reviennent","1"
"ont","1"
"size","1"
"1q","1"
"breen","1"
"ezeli","1"
"نقدر","1"
"chiliens","1"
"bite","1"
"schlick22","1"
"indicate","1"
"fellas","1"
"terrifying","1"
"stuffed","1"
"rolou","1"
"cita","1"
"speaking","1"
"justicia","1"
"altro","1"
"eyes","1"
"hug","1"
"huh","1"
"reprise","1"
"becuz","1"
"16","1"
"19","1"
"stll","1"
"yasss","1"
"powermovesonly","1"
"savant","1"
"cavalier","1"
"geht","1"
"encanta","1"
"sad","1"
"tenian","1"
"conspiracy","1"
"lebitch","1"
"ayesha","1"
"kevin","1"
"overjoyed","1"
"abs1er","1"
"letsdothis","1"
"прилипли","1"
"nbadraft","1"
"currrryyyy","1"
"note","1"
"wwemitb","1"
"quieting","1"
"rosgo21","1"
"bets","1"
"shitted","1"
"chancesmakechampions","1"
"pain","1"
"pharaoh","1"
"risen","1"
"cameraguy","1"
"pair","1"
"knee","1"
"choque","1"
"woooo","1"
"napavalley","1"
"drive","1"
"gregabat","1"
"corycove","1"
"sequence","1"
"luz","1"
"rating","1"
"finalmente","1"
"discovered","1"
"boyz","1"
"csgazette","1"
"corner","1"
"aggressive","1"
"aint","1"
"counteract","1"
"saints","1"
"crime","1"
"black","1"
"hockey","1"
"nerdistdotcom","1"
"wooo","1"
"espngolic","1"
"freeplays","1"
"wool","1"
"touches","1"
"goodluck","1"
"hardtotell","1"
"joelish930","1"
"physicality","1"
"9museco","1"
"getit","1"
"freaking","1"
"kazanmak","1"
"artist","1"
"primo","1"
"beastin","1"
"losers","1"
"37points","1"
"gioco","1"
"dothis","1"
"physically","1"
"luv","1"
"letitgo","1"
"seat","1"
"ricbucher","1"
"college","1"
"youngquise12","1"
"kamusta","1"
"ladyboogieoogie","1"
"defensively","1"
"singolo","1"
"mortgage","1"
"sideburns","1"
"review","1"
"puntos","1"
"daaaaaamn","1"
"weapons","1"
"10mins","1"
"refreshed","1"
"oyeeeee","1"
"vanno","1"
"screen","1"
"jumper","1"
"campeonatos","1"
"nightmare","1"
"abcnetwork","1"
"enjoying","1"
"nerdy","1"
"js","1"
"blame","1"
"como","1"
"rapidly","1"
"manu","1"
"embarrassment","1"
"enjoyeriebrews","1"
"они","1"
"今日は勝ってもらわんと死ぬ","1"
"bien","1"
"wheels","1"
"coucouuuuuu","1"
"mano","1"
"among","1"
"bricks","1"
"phenomenal","1"
"60","1"
"currentevents","1"
"63","1"
"65","1"
"69","1"
"banca","1"
"poll","1"
"cramps","1"
"rosavientos","1"
"knegandhiespn","1"
"stretch","1"
"rileyrocks","1"
"whos","1"
"whosgoingtowin","1"
"4thquarter","1"
"offered","1"
"andrew","1"
"dramatic","1"
"proven","1"
"metalica","1"
"warriorss","1"
"hardcore","1"
"champions","1"
"nbase","1"
"nbamex","1"
"akapisto","1"
"título","1"
"trick","1"
"clevelandtwitter","1"
"madisonbumgarner","1"
"machidezu","1"
"worry","1"
"pas","1"
"daveandbusters","1"
"dealer","1"
"befair","1"
"rydergonzalez","1"
"reminder","1"
"status","1"
"snapmeboys","1"
"mutha","1"
"wired","1"
"deff","1"
"hellayayinva","1"
"changing","1"
"weep","1"
"totally","1"
"humbleplayer","1"
"kingcurry","1"
"nofear","1"
"lucky","1"
"wuwuwu","1"
"johathebear","1"
"summer","1"
"gagner","1"
"dribble","1"
"babyfaceassassin","1"
"ch","1"
"currrrrrrryyyyyyyyy","1"
"dueling","1"
"newyearseve","1"
"blow","1"
"announcement","1"
"aboutta","1"
"kirk","1"
"except","1"
"counterpunch","1"
"wall","1"
"myteamhasbeenout","1"
"nga","1"
"kobebryant","1"
"spectacular","1"
"cg","1"
"warriorsssss","1"
"traffic","1"
"blackkandy803","1"
"lads","1"
"kimberlykjm","1"
"sensational","1"
"wel","1"
"lightning","1"
"nose","1"
"clay","1"
"claw","1"
"são","1"
"bruhhhhh","1"
"exposed","1"
"competition","1"
"kupa","1"
"matching","1"
"yesss","1"
"ahhhhhhhhhh","1"
"ellis","1"
"kamee","1"
"thisismnsports","1"
"stops","1"
"bleeding","1"
"refer","1"
"considering","1"
"biased","1"
"saludo","1"
"und","1"
"seconds","1"
"jennings","1"
"iconic","1"
"credits","1"
"favoriti","1"
"jeez","1"
"ky50","1"
"favorito","1"
"charts","1"
"nballaccess","1"
"mugging","1"
"doitforbulls","1"
"bricklayers","1"
"scores","1"
"snapchat","1"
"rolling","1"
"montepoolecsn","1"
"alas","1"
"lifting","1"
"strenghtinnumbers","1"
"entertainment72","1"
"matthewdellavedova","1"
"bounced","1"
"sealed","1"
"teamwork","1"
"alameda","1"
"chats","1"
"complete","1"
"haciendo","1"
"shamelessly","1"
"clutchy","1"
"beerporn","1"
"padayona","1"
"pantydropper","1"
"happier","1"
"niente","1"
"buying","1"
"october","1"
"dominican","1"
"hardly","1"
"toocute","1"
"thatboybadd","1"
"imaokcfan","1"
"napping","1"
"ad","1"
"ah","1"
"forgot","1"
"general","1"
"juanlmorera","1"
"au","1"
"daily","1"
"watched","1"
"delle","1"
"illegal","1"
"cream","1"
"igrač","1"
"ddcwins","1"
"igy","1"
"whiners","1"
"paliza","1"
"fools","1"
"trash","1"
"finalesnba2015","1"
"sawft","1"
"ru","1"
"includes","1"
"podium","1"
"veces","1"
"bullets","1"
"volvio","1"
"torches","1"
"threeeeeee","1"
"toughenough","1"
"как","1"
"tricks","1"
"recklessness","1"
"riposa","1"
"represent","1"
"monte","1"
"forget","1"
"chinese","1"
"scrappy","1"
"curando","1"
"vill","1"
"code","1"
"e32015","1"
"hunting","1"
"djgoldfingernyc","1"
"opportunities","1"
"spirit","1"
"crimson","1"
"и","1"
"hooking","1"
"٤","1"
"issue","1"
"clinched","1"
"ijahluo","1"
"large","1"
"sang","1"
"vibes","1"
"adjust","1"
"cookies","1"
"instagram","1"
"ten","1"
"delladova","1"
"194","1"
"comeoutandplaaaay","1"
"pass","1"
"pura","1"
"quicken","1"
"toilet","1"
"cutest","1"
"sun","1"
"sui","1"
"crush","1"
"chants","1"
"version","1"
"sus","1"
"sur","1"
"andone","1"
"learned","1"
"beatlebron","1"
"public","1"
"whoyougot","1"
"bukas","1"
"yaaaaas","1"
"cavsdan","1"
"brownguyslikecurry","1"
"mexicanclownmar","1"
"conti","1"
"experience","1"
"secs","1"
"arent","1"
"perso","1"
"heartbroken","1"
"mentions","1"
"options","1"
"calvs","1"
"followed","1"
"toughness","1"
"family","1"
"suddenly","1"
"outplayed","1"
"clapping","1"
"young","1"
"indoors","1"
"merecido","1"
"eye","1"
"mskammccoy","1"
"0","1"
"soundcloud","1"
"titulo","1"
"dunks","1"
"godsservant12","1"
"hustle","1"
"ayeeeeeeeeee","1"
"playyyyy","1"
"letsgoo","1"
"instrumental","1"
"flag","1"
"controlling","1"
"basically","1"
"selección","1"
"doom","1"
"nocomebackfromthat","1"
"exposing","1"
"town","1"
"basketmode","1"
"sucks","1"
"sweeps","1"
"watchn","1"
"strategies","1"
"male","1"
"professions","1"
"history","1"
"smallballworking","1"
"nyjetlife","1"
"salty","1"
"pone","1"
"cavaliersnation","1"
"earpiece","1"
"drained","1"
"chops","1"
"wracking","1"
"buenos","1"
"morí","1"
"tide","1"
"imphilos","1"
"notre","1"
"legoooooo","1"
"lighting","1"
"luhyou","1"
"fg","1"
"tacos","1"
"capitalize","1"
"response","1"
"mullin","1"
"liability","1"
"mackbrock","1"
"lebronnometeconizquierda","1"
"rêve","1"
"enoughsaid","1"
"saarrraaahhh123","1"
"weeeeeeeeeeee","1"
"aahhhhhhhh","1"
"demasiadooo","1"
"olursa","1"
"committed","1"
"pani","1"
"vinceranno","1"
"sale","1"
"whooping","1"
"pac","1"
"soccer","1"
"fool","1"
"lebronhead","1"
"somebody","1"
"yo","1"
"clippers","1"
"ssnba","1"
"ces","1"
"ahoffmanmrh","1"
"así","1"
"sucked","1"
"easily","1"
"stopper","1"
"2q","1"
"trailed","1"
"seattlesupersonics","1"
"gonlazo","1"
"finita","1"
"bleacherreport","1"
"fish","1"
"rgumti","1"
"raycams","1"
"hooray","1"
"ballin","1"
"promo","1"
"misses","1"
"settle","1"
"sustain","1"
"jenselter","1"
"tremenda","1"
"baeee","1"
"pathetic","1"
"للواريز","1"
"decidere","1"
"manco","1"
"greatpass","1"
"sekunden","1"
"asf","1"
"suckssss","1"
"cookin","1"
"bumped","1"
"warriorsforthewin","1"
"round","1"
"heartbeat","1"
"feed","1"
"hawks","1"
"knocking","1"
"number","1"
"feet","1"
"dust","1"
"pop","1"
"zo","1"
"sorrylebron","1"
"dong","1"
"jogo","1"
"kobe","1"
"passes","1"
"contra","1"
"5th","1"
"wonderful","1"
"mentally","1"
"vip","1"
"mama","1"
"к","1"
"godubbs","1"
"toolegittoquit","1"
"bihon","1"
"mentality","1"
"jordan","1"
"boots","1"
"rifle","1"
"rrubiojr","1"
"3rdq","1"
"center","1"
"grew","1"
"grey","1"
"sportsconsultant","1"
"versión","1"
"blogs","1"
"continúa","1"
"raidergabe","1"
"jackieebule","1"
"mickey","1"
"motivation","1"
"outta","1"
"outstanding","1"
"disgusting","1"
"depleted","1"
"nonono","1"
"meltdown","1"
"steht","1"
"fading","1"
"anyonebutlebron","1"
"loveofthegame","1"
"lin","1"
"lit","1"
"build","1"
"props","1"
"brace","1"
"ponen","1"
"caliber","1"
"carlisle","1"
"dontbelieveitall","1"
"76","1"
"yawl","1"
"esse","1"
"71","1"
"70","1"
"extremely","1"
"reprend","1"
"fuuuuuuuuuuuck","1"
"iggggyyyyyy","1"
"tymin","1"
"clear","1"
"cover","1"
"tienen","1"
"tagbaw","1"
"clean","1"
"dubsmash","1"
"lying","1"
"legais","1"
"ugh","1"
"soooooo","1"
"insightsports","1"
"fins","1"
"toujours","1"
"stfu","1"
"underdog","1"
"degeneres","1"
"indicator","1"
"aggravate","1"
"sayin","1"
"paranoid","1"
"nervous","1"
"quel","1"
"jugar","1"
"chosenone","1"
"starters","1"
"failed","1"
"okayimdone","1"
"noshow","1"
"banned","1"
"lockedin","1"
"startwinning","1"
"жесть","1"
"wolfcam88","1"
"pretending","1"
"modelbakery","1"
"outshot","1"
"banner","1"
"hin","1"
"merci","1"
"enemy","1"
"curryelmejor","1"
"eeuu","1"
"currytastic","1"
"river","1"
"relentless","1"
"insane","1"
"art","1"
"kingsarmy","1"
"whereistimduncan","1"
"sea","1"
"letsgetit","1"
"realdiffsports","1"
"kame","1"
"movie","1"
"woo","1"
"againts","1"
"wide","1"
"knowing","1"
"solo","1"
"rubbin","1"
"keeprunnning","1"
"outfit","1"
"şampiyon","1"
"aggie","1"
"foxazbeats","1"
"barely","1"
"yaaaaaaaasssssss","1"
"sensitive","1"
"8am","1"
"ripsideburns","1"
"basquet","1"
"drunk","1"
"reasons","1"
"cried","1"
"blackhawks","1"
"sexy","1"
"yatengopretexto","1"
"protools","1"
"ran","1"
"gradschoolproblems","1"
"meeting","1"
"po","1"
"mustwintonightb","1"
"resting","1"
"referee","1"
"gay","1"
"shoots","1"
"gat","1"
"whatever","1"
"torcendo","1"
"oitnb","1"
"lbj23","1"
"wuhleed","1"
"swissbeatz","1"
"danielgraf","1"
"markmalerich","1"
"chez","1"
"mountbet","1"
"involved","1"
"madoak","1"
"animated","1"
"hooters","1"
"2night","1"
"theres","1"
"shortened","1"
"400","1"
"abc7newsbayarea","1"
"rin","1"
"ellieruano","1"
"rim","1"
"mostrando","1"
"espère","1"
"puresilk","1"
"34","1"
"ohhhh","1"
"beatcavs","1"
"ropapers","1"
"raiders","1"
"anymore","1"
"bat","1"
"nbaporespn","1"
"read","1"
"failure","1"
"sya","1"
"used","1"
"ctb","1"
"digidesign","1"
"keys","1"
"alert","1"
"necessity","1"
"byah","1"
"olabilir","1"
"recent","1"
"normale","1"
"tensed","1"
"gators","1"
"izquierda","1"
"bayareaunite","1"
"meanwhile","1"
"chemistry","1"
"preference","1"
"vakna","1"
"leggooo","1"
"watchin","1"
"salve","1"
"steelobrim","1"
"retired","1"
"retweeet","1"
"rgv","1"
"geeereem","1"
"snap","1"
"excited","1"
"hates","1"
"amusing","1"
"ight","1"
"bih","1"
"loss","1"
"unlimited","1"
"curryy","1"
"truely","1"
"falcon","1"
"bit","1"
"salutes","1"
"vinto","1"
"playinright","1"
"hahha","1"
"dificil","1"
"message","1"
"niña","1"
"warriorsmovie","1"
"marlin","1"
"nbadraftlottery","1"
"continue","1"
"génie","1"
"translated","1"
"often","1"
"ailedzenitram1","1"
"333333333333","1"
"postups","1"
"mighty","1"
"ça","1"
"candle","1"
"delivered","1"
"rien","1"
"anotherfinaltogether","1"
"bball","1"
"depuis","1"
"marlinsguy","1"
"prieannamom","1"
"warriorwednesday","1"
"ptos","1"
"shooters","1"
"bf","1"
"nella","1"
"kbirkenfeld","1"
"yeesss","1"
"nbarefs","1"
"bu","1"
"plaaaaayyyy","1"
"bs","1"
"nueva","1"
"joseph9michael","1"
"タイムアウト","1"
"rhetoricalink","1"
"w2nc","1"
"prove","1"
"range","1"
"все","1"
"breakup","1"
"shiny","1"
"72","1"
"haitianfreshbsm","1"
"clinton","1"
"plenty","1"
"aliens","1"
"で見る予定","1"
"momma","1"
"slumpcity","1"
"whiney","1"
"dormiresdecobardes","1"
"leyenda","1"
"nocavs","1"
"mitad","1"
"spending","1"
"pertooo","1"
"cookinggg","1"
"نقول","1"
"hammet","1"
"wondering","1"
"laschicasdehoy","1"
"sancocho","1"
"relaxed","1"
"warriorsworld","1"
"familia","1"
"hopes","1"
"cramping","1"
"mavericks","1"
"sounds","1"
"concussed","1"
"ur","1"
"apiece","1"
"rivoluzione","1"
"flow","1"
"chat","1"
"meatsauce1","1"
"phantom","1"
"equilibri","1"
"lastatlantanatv","1"
"backs","1"
"2da","1"
"ellen","1"
"himno","1"
"moron","1"
"townbiz","1"
"ku","1"
"gameday","1"
"youcannotgaurdsteph","1"
"jeremyhl","1"
"prepared","1"
"outs","1"
"posters","1"
"problema","1"
"lotta","1"
"jalapeno","1"
"cooked","1"
"hella","1"
"workkkkkkk","1"
"kickin","1"
"bringonriley","1"
"scratch","1"
"nballdaylong","1"
"gang","1"
"tweeted","1"
"chillin","1"
"fiyahhhh","1"
"seni","1"
"concerned","1"
"daaddy","1"
"sentenció","1"
"sorrynotsorry","1"
"helps","1"
"ridiculousness","1"
"sniper","1"
"g4","1"
"g3","1"
"clevelandcavs","1"
"eso","1"
"maad","1"
"drinking","1"
"imjezialabsan","1"
"entire","1"
"dispo","1"
"nikoleye","1"
"experiencing","1"
"sempre","1"
"race","1"
"min","1"
"teared","1"
"punishing","1"
"waking","1"
"noise","1"
"booth","1"
"haiku","1"
"power","1"
"3r","1"
"3q","1"
"piper","1"
"rbrtweets","1"
"felt","1"
"jpjannuzzi","1"
"finals2015","1"
"playn","1"
"ahhhhh","1"
"lessons","1"
"tybg","1"
"nbatipo","1"
"1330","1"
"elimination","1"
"others","1"
"sing","1"
"bff","1"
"radiomelissa","1"
"33","1"
"35","1"
"leaving","1"
"eatin","1"
"analysisports","1"
"murderrrr","1"
"beautifulfamily","1"
"defeat","1"
"popcorn","1"
"venny301","1"
"app","1"
"gootziebootz","1"
"duck","1"
"che","1"
"chi","1"
"scariest","1"
"congratulates","1"
"irritates","1"
"tigers","1"
"rick","1"
"popped","1"
"becomes","1"
"factor","1"
"mismatch","1"
"laireland","1"
"hes","1"
"basketissimo","1"
"daaaaaaymn","1"
"thisiscle","1"
"sont","1"
"fooling","1"
"wearin","1"
"ibelieveinsteve","1"
"tag","1"
"donnabelle04","1"
"lazydog","1"
"island","1"
"averages","1"
"perfecting","1"
"gabarits","1"
"tinnillrackley","1"
"tad","1"
"hitshow","1"
"taffsalot","1"
"pieced","1"
"serial","1"
"brendakennedy2","1"
"tiedupat2","1"
"sir","1"
"sit","1"
"boxing","1"
"quien","1"
"aberturas","1"
"lindaaaa","1"
"wemustwin","1"
"cual","1"
"struggled","1"
"reestablish","1"
"stankface","1"
"splashin","1"
"falta","1"
"lebrón","1"
"fouled","1"
"fatigue","1"
"records","1"
"piace","1"
"bowldacai","1"
"realized","1"
"ot","1"
"gettiniggywithit","1"
"9am","1"
"counted","1"
"ignite","1"
"bornandraised","1"
"puente","1"
"closely","1"
"palizaaaaaa","1"
"durmiendo","1"
"greatgame","1"
"predictions2015","1"
"gswhoops","1"
"mullyhanley","1"
"fundraising","1"
"write","1"
"le","1"
"indignado","1"
"pawpaw","1"
"madre","1"
"activate","1"
"covered","1"
"2011","1"
"clarosports","1"
"dad","1"
"later","1"
"dal","1"
"dam","1"
"practice","1"
"dellavodova","1"
"buschsports","1"
"ticker","1"
"daw","1"
"kcco","1"
"rotation","1"
"uuuupppp","1"
"speaks","1"
"boyyyyys","1"
"mysonisinthsththang","1"
"vremena","1"
"uncalum","1"
"diariolibero","1"
"truth","1"
"yaptırmayacağız","1"
"mckinleyfreeman","1"
"modo","1"
"studios","1"
"showering","1"
"asffffff","1"
"dobiju","1"
"yeeeesss","1"
"funsheen","1"
"gamesix","1"
"88","1"
"89","1"
"83","1"
"86","1"
"special","1"
"rey","1"
"cws","1"
"yup","1"
"cristianmdsport","1"
"farm","1"
"dwspruill","1"
"afford","1"
"qur","1"
"thirstythursday","1"
"exaholics","1"
"nephew","1"
"draymon","1"
"qui","1"
"backwards","1"
"steal","1"
"woooohoo","1"
"florida","1"
"desi","1"
"aparecieron","1"
"davis","1"
"katamari","1"
"those3stho","1"
"reppin","1"
"finest","1"
"cavsvsgsw","1"
"انحسم","1"
"najbolji","1"
"greenisajoke","1"
"bitch","1"
"reggie","1"
"fed","1"
"postseason","1"
"heat4life","1"
"nın","1"
"illinieyecare","1"
"imakehimswallow","1"
"justcurious","1"
"attack","1"
"stephan","1"
"prono","1"
"leta","1"
"messing","1"
"beard","1"
"fouling","1"
"regards","1"
"shotsfired","1"
"beh","1"
"mozgovhub","1"
"ballers","1"
"bed","1"
"1tombyrne","1"
"facile","1"
"orchestrated","1"
"loves","1"
"magistral","1"
"negatively","1"
"imho","1"
"8pts","1"
"charismatikchic","1"
"gogoldenstate","1"
"freemindedtiffy","1"
"rollin","1"
"3kings","1"
"clearly","1"
"letsseewhathappens","1"
"boyyy","1"
"floydmayweather","1"
"mil","1"
"dishes","1"
"standingovation","1"
"switch","1"
"bookie","1"
"tighten","1"
"pivotal","1"
"7triples","1"
"asshole","1"
"unless","1"
"warriortaker","1"
"trndnl","1"
"cuuuurrrrryyy","1"
"lapatanamusical","1"
"nonononottoday","1"
"awe","1"
"segment","1"
"juega","1"
"doogie","1"
"vantaggio","1"
"bred","1"
"larrrrgaaaaaa","1"
"bhcsports","1"
"knbr","1"
"throwbackjersey","1"
"goals","1"
"hahahaahaha","1"
"breathemilyy","1"
"lmaoo","1"
"agreed","1"
"spanking","1"
"dije","1"
"dellevaduva","1"
"rough","1"
"redlightsports","1"
"debate","1"
"highest","1"
"based","1"
"q4","1"
"tire","1"
"clutching","1"
"ultimo","1"
"exiting","1"
"combo","1"
"tune","1"
"jag","1"
"interested","1"
"rends","1"
"tamoogy","1"
"overall","1"
"intawn","1"
"woooooo","1"
"ones","1"
"jkeasty","1"
"words","1"
"consecutive","1"
"aquí","1"
"qu","1"
"descanso","1"
"rapper","1"
"tuned","1"
"jaime","1"
"contain","1"
"fixed","1"
"jaredcohen13","1"
"withstand","1"
"prayers","1"
"terrain","1"
"hotting","1"
"flip","1"
"confrontational","1"
"warriorswin","1"
"awaits","1"
"breakscaph","1"
"thermonuclear","1"
"2h30","1"
"stato","1"
"aslan","1"
"neither","1"
"yaaaaaaaaaaaaay","1"
"exam","1"
"frente","1"
"elho","1"
"joy","1"
"supernova","1"
"twomore","1"
"rooftop","1"
"teamwarriors","1"
"provato","1"
"dellevadova","1"
"sydelcurry","1"
"joke","1"
"4thq","1"
"equal","1"
"drug","1"
"chosen","1"
"thang","1"
"puff","1"
"mínima","1"
"ci","1"
"game5isours","1"
"walk","1"
"vend","1"
"же","1"
"gave","1"
"cs","1"
"table","1"
"babydolltk","1"
"flourish","1"
"itstip","1"
"tiene","1"
"énorme","1"
"playaaaaayed","1"
"game3nbafinals","1"
"après","1"
"posterized","1"
"grazie","1"
"yan","1"
"diference","1"
"yah","1"
"ineffablemusic","1"
"bandwagonfansmakemesick","1"
"equipo","1"
"field","1"
"mike","1"
"pic","1"
"craftbeer","1"
"csgazettesports","1"
"volando","1"
"policy","1"
"mostró","1"
"currycrush","1"
"tylerlong1008","1"
"gud","1"
"present","1"
"skysport","1"
"tjminniecon","1"
"cow","1"
"canyoudigit","1"
"cavsgohome","1"
"wilw","1"
"harder","1"
"agan","1"
"postitnotesport","1"
"ashleypatt0n","1"
"delante","1"
"chale","1"
"va","1"
"questo","1"
"draymondgreen","1"
"lakersfor2016champs","1"
"sundaynight","1"
"encouragement","1"
"swinging","1"
"claimed","1"
"nbatop5","1"
"llevando","1"
"mga","1"
"parte","1"
"leeggooooooo","1"
"youngkowtipper","1"
"caripela","1"
"contactprobs","1"
"matthew","1"
"strange","1"
"pickin","1"
"difficult","1"
"context","1"
"3letterman","1"
"pretenders","1"
"bald","1"
"4cs","1"
"fucked","1"
"pedal","1"
"magician","1"
"estado","1"
"steals","1"
"dat","1"
"undertaker","1"
"natashacastles","1"
"ama","1"
"dissing","1"
"burcham2024","1"
"gutted","1"
"english","1"
"position","1"
"drawing","1"
"lockitin","1"
"load","1"
"onda","1"
"riveted","1"
"waaaayyyy","1"
"moments","1"
"sources","1"
"momento","1"
"est","1"
"rocked","1"
"clevelanddotcom","1"
"quiero","1"
"2morewins","1"
"tight","1"
"add","1"
"cheerier","1"
"ski","1"
"boom","1"
"identical","1"
"lord0flastbench","1"
"fate","1"
"checking","1"
"historia","1"
"lebronsdick","1"
"pies","1"
"mañana","1"
"balón","1"
"lost","1"
"looooooooving","1"
"goodjob","1"
"loses","1"
"lovesongs","1"
"david4969","1"
"adversity","1"
"poor","1"
"lumpia","1"
"nba2k","1"
"ayeeeeeeeeeee","1"
"alive","1"
"116","1"
"scarlettrojas13","1"
"itsadymynt","1"
"empire","1"
"contested","1"
"throughout","1"
"jeremy","1"
"avoid","1"
"passion","1"
"leader","1"
"csnwarriors","1"
"stellar","1"
"pressure","1"
"banggggg","1"
"petty","1"
"although","1"
"fcvk","1"
"actual","1"
"dimostrazione","1"
"volvieron","1"
"hier","1"
"boulot","1"
"lisayamani","1"
"finais","1"
"donde","1"
"champ","1"
"yourboyq254","1"
"dug","1"
"fired","1"
"poniendo","1"
"2k15","1"
"rejoice","1"
"feat","1"
"notjjones","1"
"lovelivelaugh","1"
"pratherdawn","1"
"gm5","1"
"bitches","1"
"chiuderanno","1"
"blaming","1"
"reminds","1"
"mmduf","1"
"joecrawford","1"
"rectum","1"
"memphis","1"
"pesando","1"
"wife","1"
"ohyestheyare","1"
"limit","1"
"tirando","1"
"biggame","1"
"chefcurrywiththepotboy","1"
"recognize","1"
"innerhalb","1"
"copaamericachile2015","1"
"suupeerpeeteer","1"
"uncleblazer","1"
"somanyhashtags","1"
"ouuuhhh","1"
"deadly","1"
"42","1"
"treatment","1"
"dotaveli","1"
"84","1"
"incredibly","1"
"francisco","1"
"bailing","1"
"duaeno","1"
"gece","1"
"hhhh","1"
"badass","1"
"friends","1"
"yeaaaaaah","1"
"exposure","1"
"lowertuition","1"
"gooooooo","1"
"gamein","1"
"сторон","1"
"hoopshabit","1"
"compete","1"
"clevsgs","1"
